SAT,Treatment
390,Music
430,Music
610,Music
460,Music
460,Music
620,Music
500,Music
320,Music
380,Music
410,Music
570,Music
490,Music
490,Music
460,Music
390,Music
630,Music
500,Music
250,Music
520,Music
400,Music
340,Music
430,Music
350,Music
380,Music
390,Music
280,Music
530,Music
470,Music
340,Music
580,Music
720,Silence
690,Silence
740,Silence
740,Silence
740,Silence
730,Silence
730,Silence
700,Silence
680,Silence
680,Silence
670,Silence
690,Silence
640,Silence
760,Silence
640,Silence
680,Silence
680,Silence
740,Silence
700,Silence
710,Silence
700,Silence
700,Silence
770,Silence
690,Silence
780,Silence
620,Silence
730,Silence
710,Silence
710,Silence
720,Silence